Organization,Threat Actor,Date
Wayne Memorial Hospital,monti,6/30/2024
P********.pl,cloak,6/30/2024
Unit*****************.com,cloak,6/30/2024
www.sicoob.com.br,ransomhub,6/30/2024
a4hs-dom.local,incransom,6/30/2024
lambertz.de,blackbasta,6/30/2024
life.vet.br,darkvault,6/30/2024
jla.com,embargo,6/29/2024
pandacare.ae,darkvault,6/29/2024
DRM Resources,rhysida,6/29/2024
Clima Lodi,arcusmedia,6/29/2024
DatAnalítica,arcusmedia,6/29/2024
Freightliner of Grand Rapids & Kalamazoo,arcusmedia,6/29/2024
Puyallup Tribe (ptoi.local),incransom,6/29/2024
City Of Coon Rapids,incransom,6/29/2024
Cambridge University Press & Assessment,incransom,6/29/2024
Spandex.com,ransomhub,6/29/2024
midamea.com,ransomhub,6/28/2024
ASI,bianlian,6/28/2024
Power Lube Industrial,akira,6/28/2024
Wilmots (Legal services),akira,6/28/2024
Francesco Parisi,ransomhouse,6/28/2024
Gestores Administrativos Reunidos,ransomhouse,6/28/2024
GBA GROUP,incransom,6/28/2024
equinocioplay.com.br,ransomhub,6/27/2024
www.cipl.org.in,ransomhub,6/27/2024
buyeazzy.com,darkvault,6/27/2024
promarkbrands.com,dAn0n,6/27/2024
landmarklife.com,abyss,6/27/2024
conferenceusa.com,abyss,6/27/2024
www.mangimifusco.it,ransomhub,6/27/2024
www.cloudeurope.it,ransomhub,6/27/2024
coca-cola.com - Myanmar office,ransomhub,6/27/2024
daniellegroup.com,ransomhub,6/27/2024
H*******Y,flocker,6/27/2024
Ocasa,akira,6/27/2024
Gallos Metal Solutions,akira,6/27/2024
KADOKAWA Corporation,blacksuit,6/27/2024
GED Lawyers – Sells Open,arcusmedia,6/27/2024
Total Revisjon DA,arcusmedia,6/27/2024
Ontario West and Bill Blaney Insurance Brokers ,medusa,6/27/2024
North Coast Petroleum,medusa,6/27/2024
Longviewbridge.com,cloak,6/27/2024
Ruland-viersen.de,cloak,6/27/2024
Waterbury Newton,akira,6/26/2024
YKS,qilin,6/26/2024
US Dermatology Partners,bianlian,6/25/2024
Better Business Bureau,bianlian,6/25/2024
PCI Developments,akira,6/25/2024
Beckett Thermal Solutions,akira,6/25/2024
Utility Datacenter,akira,6/25/2024
competenz.co.nz,lockbit3,6/25/2024
decreditos.com,darkvault,6/25/2024
Planar,incransom,6/25/2024
peregrinegp.com (178gb + private SQL_DB 24gb),blacksuit,6/25/2024
rbbschools.net,blacksuit,6/25/2024
axiavg.com,blacksuit,6/25/2024
catiglass.com,blacksuit,6/25/2024
ibewlocal1.org,blacksuit,6/25/2024
doityoungs.com,blacksuit,6/25/2024
keeservices.com,blacksuit,6/25/2024
theeyeclinicsurgicenter.com,blacksuit,6/25/2024
sanglier.org.uk,blacksuit,6/25/2024
arangobillboard.com,blacksuit,6/25/2024
keybenefit.com,blackbasta,6/25/2024
scrubsandbeyond.com,blackbasta,6/25/2024
tpocc.org,abyss,6/25/2024
middletown-township.org,incransom,6/25/2024
www.harrisranchbeef.com,ransomhub,6/24/2024
www.concisa.eng.br,qiulong,6/24/2024
hydmech.com,cactus,6/24/2024
westfalia-automotive.com,cactus,6/24/2024
Agron (Five Ten) Adidas TERREX,akira,6/24/2024
multi-wing.com,ransomhub,6/24/2024
bitzsoftwares.com.br,ransomhub,6/24/2024
www.sicoob.com.br,ransomhub,6/24/2024
Compagnia Trasporti Integrati S.R.L,monti,6/24/2024
VTWin.ca,monti,6/24/2024
hiawathahomes.org,blacksuit,6/24/2024
Revolution Resources,blacksuit,6/24/2024
TPI,play,6/23/2024
Harvey Construction,play,6/23/2024
Belle Tire,play,6/23/2024
Hedrick Brothers Construction,play,6/23/2024
World inquest,play,6/23/2024
Bunger Steel,play,6/23/2024
RRCA Accounts Management,play,6/23/2024
ProMotion Holdings,play,6/23/2024
Custom Concrete,play,6/23/2024
federalreserve.gov,lockbit3,6/23/2024
Ladco,play,6/23/2024
millimages.com,cactus,6/23/2024
www.glynmarais.co.za,cactus,6/23/2024
hundhausen.de,cactus,6/23/2024
fbttransport.com,cactus,6/23/2024
daystar.com,cactus,6/23/2024
qftemb.com,lockbit3,6/23/2024
deskcenter.com,cactus,6/23/2024
Tri-City College Prep High School,medusa,6/23/2024
"Fitzgerald, DePietro & Wojnas CPAs, P.C.",medusa,6/23/2024
AJE ,medusa,6/23/2024
Zerto Security,handala,6/23/2024
CIFSOLUTIONS.COM,clop,6/23/2024
marvell.com,lockbit3,6/23/2024
at-global.com,lockbit3,6/23/2024
City of Newburgh,blackbyte,6/22/2024
Cityofnewburgh-ny.gov,blackbyte,6/22/2024
Erivan Gecom Inc,rhysida,6/22/2024
"CBIZ, Inc",meow,6/22/2024
Greenheck Fan,meow,6/22/2024
D*****S,flocker,6/22/2024
Rotor Team,spacebears,6/22/2024
Heli Securite,spacebears,6/22/2024
BLADE,spacebears,6/22/2024
Maryhaven (MHCLINICAL.LOCAL),incransom,6/22/2024
Ashtons Legal LLP,qilin,6/21/2024
Longview Oral & Maxillofacial Surgery,bianlian,6/21/2024
MEL aviation Ltd,bianlian,6/21/2024
prinsotel.com,qilin,6/21/2024
oexpress.id,darkvault,6/21/2024
LCS and Partners,8base,6/21/2024
Topserve Service Solutions,8base,6/21/2024
TC Capital Asia Limited,8base,6/21/2024
Wise Construction,qilin,6/21/2024
"Taiyo Kogyo Co., Ltd.",8base,6/21/2024
"Hokushinko Co., Ltd.",8base,6/21/2024
www.gbricambi.it [UPDATE],ransomhub,6/20/2024
www.clevo.com.twDisclose,ransomhub,6/20/2024
Sacred Heart Community Service (shcstheheart.org),incransom,6/20/2024
Gorrie-Regan,incransom,6/20/2024
Exhaustpro shops,arcusmedia,6/20/2024
BankSelfStorage,arcusmedia,6/20/2024
GED Lawyers & ..,arcusmedia,6/20/2024
Gokals  Consumer Electronics & Computers Retail · Fiji,spacebears,6/20/2024
www.clevo.com.tw,ransomhub,6/20/2024
Basement Systems,cicada3301,6/20/2024
ASST Rhodense,cicada3301,6/20/2024
Maintel,cicada3301,6/20/2024
Access Group,cicada3301,6/20/2024
SAWA INTERNATIONAL,spacebears,6/20/2024
Ojai srl,8base,6/20/2024
www.invisio.com,ransomhub,6/19/2024
Behavioral Health Response (bhr.local),incransom,6/19/2024
Encinajpa,blackbyte,6/19/2024
Synnovis,qilin,6/19/2024
suminoe.us,cactus,6/19/2024
www.clevo.com.tw,ransomhub,6/19/2024
Lindermayr,akira,6/19/2024
Perfumes & Companhia,akira,6/19/2024
First Baptist Medical Center,moneymessage,6/19/2024
DERBY SCHOOL,incransom,6/19/2024
Circle K Atlanta,hunters,6/18/2024
kinslerfamilydentistry,qilin,6/18/2024
sofidel.com,cactus,6/18/2024
sky-light.com,cactus,6/18/2024
reawire.com,cactus,6/18/2024
malca-amit.com,abyss,6/18/2024
www.gbricambi.it,ransomhub,6/18/2024
Seoyon E-Hwa,spacebears,6/18/2024
GIANNI CUCUINI,spacebears,6/18/2024
OCEANAIR,incransom,6/17/2024
The Kansas City Kansas Police Department,blacksuit,6/17/2024
northcottage.com,qilin,6/17/2024
A-Line Staffing Solutions,underground,6/17/2024
www.racalacoustics.com [UPDATE],ransomhub,6/17/2024
www.liderit.es,ransomhub,6/17/2024
St Vincent de Paul Catholic School,qilin,6/17/2024
Sensory Spectrum,incransom,6/17/2024
Acteon Group,hunters,6/17/2024
pkaufmann.com,blackbasta,6/17/2024
modplan.co.uk,blackbasta,6/17/2024
wielton.com.pl,blackbasta,6/17/2024
grupoamper.com,blackbasta,6/17/2024
"TETRA Technologies, Inc.",akira,6/17/2024
parlorenzo.com,ransomhub,6/17/2024
www.domainatcleveland.com,ransomhub,6/17/2024
Virum Apotek,ransomhouse,6/17/2024
SolidCAM 2024 SP0,handala,6/17/2024
Next Step Healthcare,qilin,6/17/2024
cosimti.com,darkvault,6/17/2024
fifcousa.com,dAn0n,6/17/2024
mgfsourcing.com,blackbasta,6/17/2024
journohq.com,darkvault,6/17/2024
colfax.k12.wi.us,blacksuit,6/16/2024
Production Machine & Enterprises,rhysida,6/16/2024
CETOS Services,rhysida,6/16/2024
Kiemle-Hankins,rhysida,6/15/2024
Legrand CRM,hunters,6/15/2024
MRI,hunters,6/15/2024
Ma’agan Michael Kibbutz,handala,6/15/2024
Oahu Transit Services,dragonforce,6/15/2024
"Sun City Pediatrics PA (USA, TX)",spacebears,6/15/2024
"InVogue Women Healthcare, PLLC (USA,TX)",spacebears,6/15/2024
"Lee Trevino Dental (USA,TX)",spacebears,6/15/2024
Peregrine Petroleum,blacksuit,6/15/2024
Mountjoy,bianlian,6/15/2024
svmasonry.com,qilin,6/14/2024
MBE CPA,metaencryptor,6/14/2024
EnviroApplications,qilin,6/14/2024
www.gannons.co.uk,apt73,6/14/2024
New Balance Commodities,akira,6/14/2024
Victoria Racing Club,medusa,6/14/2024
Mundocar.eu,cloak,6/14/2024
ab*******.org,cloak,6/14/2024
"Cukierski & Associates, LLC",everest,6/13/2024
Diogenet S.r.l.,everest,6/13/2024
2K Dental,everest,6/13/2024
Dordt University,bianlian,6/13/2024
Borrer Executive Search,apt73,6/13/2024
www.bigalsfoodservice.co.uk,apt73,6/13/2024
www.racalacoustics.com,ransomhub,6/13/2024
Kito Canada,incransom,6/13/2024
"Bock & Associates, LLP",qilin,6/13/2024
Walder Wyss and Partners,play,6/13/2024
Celluphone,play,6/13/2024
Me Too Shoes,play,6/13/2024
Ab Monsteras Metall,play,6/13/2024
Amarilla Gas,play,6/13/2024
Aldenhoven,play,6/13/2024
ANTECH-GUTLING Gruppe,play,6/13/2024
Refcio & Associates,play,6/13/2024
City Builders,play,6/13/2024
Eurotrol B.V.,blacksuit,6/12/2024
Seagulf Marine Industries,play,6/12/2024
Western Mechanical,play,6/12/2024
Trisun Land Services,play,6/12/2024
GEMCO Constructors ,medusa,6/12/2024
Dynamo Electric ,medusa,6/12/2024
Farnell Packaging,medusa,6/12/2024
hydefuel.com,qilin,6/12/2024
Diverse Technology Industrial,play,6/12/2024
Air Cleaning Specialists,play,6/12/2024
Corbin Turf & Ornamental Supply,play,6/12/2024
Kinter,play,6/12/2024
Goodman Reichwald-Dodge,play,6/12/2024
3GL Technology Solutions,play,6/12/2024
Brainworks Software,play,6/12/2024
Eagle Materials,play,6/12/2024
Great Lakes International Trading,play,6/12/2024
Smartweb,play,6/12/2024
Peterbilt of Atlanta,play,6/12/2024
Chroma Color,play,6/12/2024
Shinnick & Ryan,play,6/12/2024
ZeepLive,darkvault,6/12/2024
belcherpharma.com,underground,6/12/2024
www.clevo.com.tw<UPDATED>,ransomhub,6/12/2024
Concrete,hunters,6/12/2024
IPM Group (Multimedia Information & Production Company),akira,6/12/2024
manncorp.com,lockbit3,6/12/2024
sgvfr.com,trinity,6/12/2024
CBSTRAINING,trinity,6/12/2024
Kutes.com,redransomware,6/12/2024
www.novabitsrl.it,ransomhub,6/12/2024
smicusa.com,ransomhub,6/12/2024
www.ham.org.br,ransomhub,6/12/2024
NJORALSURGERY.COM,clop,6/12/2024
SolidCAM LEAK,handala,6/12/2024
Zuber Gardner CPAs pt.2,everest,6/12/2024
Seafrigo,dragonforce,6/12/2024
Special Health Resources,blacksuit,6/12/2024
WinFashion ERP,arcusmedia,6/12/2024
apex.uk.net,apt73,6/12/2024
AlphaNovaCapital,apt73,6/12/2024
AMI Global Assistance,apt73,6/12/2024
filmetrics corporation,trinity,6/11/2024
CentralSecurities.com,underground,6/11/2024
"Embotits Espina, SLU",8base,6/11/2024
a-agroup,qilin,6/11/2024
Harper Industries,hunters,6/10/2024
nordspace.lt,darkvault,6/10/2024
www.ugrocapital.com,ransomhub,6/10/2024
Arge Baustahl,akira,6/10/2024
transportlaberge.com,cactus,6/10/2024
sanyo-shokai.co.jp,cactus,6/10/2024
wave2.co.kr,darkvault,6/10/2024
jmthompson.com,cactus,6/10/2024
ctsystem.com,cactus,6/10/2024
ctgbrands.com,cactus,6/10/2024
SolidCAM,handala,6/10/2024
Rockford Public School District,incransom,6/10/2024
CONTROLNET,incransom,6/10/2024
EvoEvents,dragonforce,6/8/2024
Barrett Eye Care,dragonforce,6/8/2024
Parrish-McCall Constructors,dragonforce,6/8/2024
California Rice Exchange,rhysida,6/8/2024
Above All Store Fronts,qilin,6/8/2024
PFAM,qilin,6/8/2024
Logimodal Operações Logísticas,qilin,6/8/2024
Allied Toyota Lift,qilin,6/8/2024
Hoppecke,dragonforce,6/8/2024
Elite Limousine Plus Inc,bianlian,6/7/2024
ccmaui.org,lockbit3,6/7/2024
talalayglobal.com,blackbasta,6/7/2024
akdenizchemson.com,blackbasta,6/7/2024
Reinhold Sign Service,akira,6/7/2024
lo***********.com,cloak,6/7/2024
Axip Energy Services,hunters,6/7/2024
aloft,incransom,6/7/2024
RAVEN Mechanical,hunters,6/6/2024
dmedelivers.com,embargo,6/6/2024
fpr-us.com,cactus,6/6/2024
TBMCG.com,ElDorado,6/6/2024
www.vet.k-state.edu,ElDorado,6/6/2024
www.uccretrievals.com,ElDorado,6/6/2024
robson.com,blackbasta,6/6/2024
elutia.com,blackbasta,6/6/2024
ssiworld.com,blackbasta,6/6/2024
driver-group.com,blackbasta,6/6/2024
HTE Technologies,ElDorado,6/6/2024
goughhomes.com,ElDorado,6/6/2024
Baker Triangle,ElDorado,6/6/2024
www.tankerska.hr,ElDorado,6/6/2024
cityofpensacola.com,ElDorado,6/6/2024
thunderbirdcc.org,ElDorado,6/6/2024
www.itasnatta.edu.it,ElDorado,6/6/2024
panzersolutions.com,ElDorado,6/6/2024
lindostar.it,ElDorado,6/6/2024
burotec.biz,ElDorado,6/6/2024
celplan.com,ElDorado,6/6/2024
adamshomes.com,ElDorado,6/6/2024
dynasafe.com,blackbasta,6/6/2024
Panasonic Australia,akira,6/6/2024
Health People,medusa,6/6/2024
IPPBX ,medusa,6/6/2024
Market Pioneer International Corp,medusa,6/6/2024
Mercy Drive Inc,medusa,6/6/2024
Radiosurgery New York ,medusa,6/6/2024
Inside Broadway,medusa,6/6/2024
Oracle Advisory Services ,medusa,6/6/2024
Women's Sports Foundation,medusa,6/6/2024
www.crezit.com,ransomhub,6/5/2024
"""Moshe Kahn Advocates""",mallox,6/5/2024
craigsteven.com,lockbit3,6/5/2024
Elfi-Tech,handala,6/5/2024
Davis & Young,dragonforce,6/5/2024
Dubai Municipality (UAE),daixin,6/5/2024
E-T-A,akira,6/5/2024
www.ykp.com.br,ransomhub,6/4/2024
www.al-shefafarm.ro,ransomhub,6/4/2024
www.headwaterco.com,ransomhub,6/4/2024
www.shootinghouse.com.br,ransomhub,6/4/2024
www.merchant.id,ransomhub,6/4/2024
www.spmundi.com.br,ransomhub,6/4/2024
www.siea.sk,ransomhub,6/4/2024
www.dvttechnologyltd.com,ransomhub,6/4/2024
www.rekamy.com,ransomhub,6/4/2024
www.go4kora.tv,ransomhub,6/4/2024
www.scadea.com,ransomhub,6/4/2024
www.computan.com,ransomhub,6/4/2024
www.kovra.com.my,ransomhub,6/4/2024
www.lapastina.com,ransomhub,6/4/2024
www.industrialdealimentos.com,ransomhub,6/4/2024
www.wisd.net,ransomhub,6/4/2024
www.pgesco.com,ransomhub,6/4/2024
www.avantit.no,ransomhub,6/4/2024
www.constelacion.com.sv,ransomhub,6/4/2024
www.agenciahost.com,ransomhub,6/4/2024
www.aretusamilano.it,ransomhub,6/4/2024
www.betteraccountingsolutions.com,ransomhub,6/4/2024
www.hcisystems.net,ransomhub,6/4/2024
www.nrshealthcare.com,ransomhub,6/4/2024
www.farmaciaflorio.com,ransomhub,6/4/2024
www.skywaycoach.ca,ransomhub,6/4/2024
www.cyncsolutions.com,ransomhub,6/4/2024
www.robesoncoso.org,ransomhub,6/4/2024
www.eebpsa.com.co,ransomhub,6/4/2024
www.grupocuevas.es,ransomhub,6/4/2024
www.fabricainfo.com,ransomhub,6/4/2024
nepa.gov.af&dfr.gov.af,ransomhub,6/4/2024
www.harmanrealtors.com,ransomhub,6/4/2024
www.europeanprof.es,ransomhub,6/4/2024
www.designintoto.com.au,ransomhub,6/4/2024
www.precisiontimesystems.com,ransomhub,6/4/2024
www.jutebag.co.uk,ransomhub,6/4/2024
www.polaris.es,ransomhub,6/4/2024
www.extraco.ae,ransomhub,6/4/2024
www.thaayakam.co.uk,ransomhub,6/4/2024
www.kamojou.co.za,ransomhub,6/4/2024
www.portosaofrancisco.com.br,ransomhub,6/4/2024
www.lalengineering.com,ransomhub,6/4/2024
iseta.fr,ransomhub,6/4/2024
www.confins.com.br,ransomhub,6/4/2024
www.eucatex.com.br,ransomhub,6/4/2024
www.rockymountainsales.com,ransomhub,6/4/2024
www.neodesha.org,ransomhub,6/4/2024
www.oriux.com,ransomhub,6/4/2024
www.chuoss.co.jp,ransomhub,6/4/2024
www.houstonwastesolutions.com,ransomhub,6/4/2024
www.mataderodegijon.es,ransomhub,6/4/2024
www.brittanyhorne.com,ransomhub,6/4/2024
www.throttleup.io,ransomhub,6/4/2024
www.acslabtest.com,ransomhub,6/4/2024
www.christies.com,ransomhub,6/4/2024
www.psgbdvor.rs,ransomhub,6/4/2024
www.bjurholm.se,ransomhub,6/4/2024
SIAED.it,ransomhub,6/4/2024
Frontier.com,ransomhub,6/4/2024
www.clevo.com.tw,ransomhub,6/4/2024
Premium Broking House,sensayq,6/4/2024
Vimer Industrie Grafiche Italiane,sensayq,6/4/2024
Voorhees Family Office Services,everest,6/4/2024
Mahindra Racing,akira,6/4/2024
naprodgroup.com,lockbit3,6/4/2024
Madata Data Collection & Internet Portals,mallox,6/4/2024
Río Negro,mallox,6/4/2024
Langescheid GbR,arcusmedia,6/4/2024
Franja IT Integradores de Tecnología,arcusmedia,6/4/2024
Duque Saldarriaga,arcusmedia,6/4/2024
BHMAC,arcusmedia,6/4/2024
Botselo,arcusmedia,6/4/2024
Immediate Transport – UK,arcusmedia,6/4/2024
cfymca.org,lockbit3,6/3/2024
Northern Minerals Limited,bianlian,6/3/2024
ISETO CORPORATION,8base,6/3/2024
Nidec Motor Corporation,8base,6/3/2024
Anderson Mikos Architects,akira,6/3/2024
My City application,handala,6/3/2024
www.eastshoresound.com,ransomhub,6/2/2024
smithandcaugheys.co.nz,lockbit3,6/2/2024
Frontier ,ransomhub,6/1/2024
powertestdyno.com,lockbit3,6/1/2024
St. Helena,medusa,5/31/2024
dollmar.com,cactus,5/31/2024
familyguardian.com,cactus,5/31/2024
espackeuro.com,cactus,5/31/2024
TriLiteral,akira,5/31/2024
New Hampshire PublicRadio,akira,5/31/2024
biremote.net,dragonforce,5/31/2024
keytronic.com,blackbasta,5/31/2024
Sems and Specials ,medusa,5/31/2024
aytosanlorenzo.es,lockbit3,5/31/2024
www.indigoent.ca,qiulong,5/30/2024
strikeusa.com,lockbit3,5/30/2024
Rob's Whole Health Pharmacy,rhysida,5/30/2024
Faultless Brands,akira,5/30/2024
DreamWall,akira,5/30/2024
Excel Security Corp.,akira,5/30/2024
UNICRED.COM.AR,clop,5/30/2024
Wichita County Mounted Patrol,medusa,5/30/2024
Brownell Boat Stands & Equipment Company,medusa,5/30/2024
MagicLand,akira,5/30/2024
Elmhurst Group,play,5/30/2024
WALSER AUTOMOTIVE GROUP,play,5/30/2024
FPL Food,play,5/30/2024
Ntv,play,5/30/2024
Credit Central,play,5/29/2024
heras.co.uk,lockbit3,5/29/2024
Western Dovetail,akira,5/29/2024
I.L.A. Local 1964,dragonforce,5/29/2024
mcmtelecom.com,blackout,5/29/2024
Aircod.com,redransomware,5/28/2024
Bjurholms kommun,ransomhub,5/28/2024
pedsurology.com,dAn0n,5/28/2024
theblakefirm.com,dAn0n,5/28/2024
ueg1.com,dAn0n,5/28/2024
allenblastingandcoating.com,dAn0n,5/28/2024
semilab.com,dAn0n,5/28/2024
fightingforfairness.com,dAn0n,5/28/2024
oconnellmahon.ie,dAn0n,5/28/2024
ekiconsult.com,dAn0n,5/28/2024
iiexperts.com,dAn0n,5/28/2024
neosmteam.com,dAn0n,5/28/2024
glenwoodnyc.com,dAn0n,5/28/2024
s-f-concrete.com,dAn0n,5/28/2024
college-park.com,dAn0n,5/28/2024
Manuchar,hunters,5/28/2024
Arrabawn Co-op,hunters,5/28/2024
Avelina,akira,5/28/2024
Brett Slater Solicitors,akira,5/28/2024
OTR,akira,5/28/2024
PSG BANATSKI DVOR D.O.O. NOVI SAD (SERBIA),ransomhub,5/28/2024
American Clinical Solutions(acslabtest.com)auctioning,ransomhub,5/28/2024
SIAED.it - HOSTER/DEV FOR ITALY BIGGEST BANKS,ransomhub,5/27/2024
Christies Auction House - christies.com,ransomhub,5/27/2024
S L B TRANSIT INC,8base,5/27/2024
Information Technology,handala,5/27/2024
Natsume Tax Accountant Corporation,8base,5/27/2024
The Kelly Group,8base,5/27/2024
Osaka Motorcycle Business Cooperative,8base,5/27/2024
Matusima,8base,5/27/2024
Shirasaki,8base,5/27/2024
Architecture LEJEUNE GIOVANELLI,8base,5/27/2024
Hytera US Inc,spacebears,5/27/2024
alliedtelesis.com,lockbit3,5/27/2024
Datanet,qilin,5/27/2024
CNPC Sport,monti,5/26/2024
Esc Pau Etudes-Conseils,monti,5/26/2024
Aéroport de Pau,monti,5/26/2024
Israel Textile,handala,5/26/2024
Israel Massad Quality,handala,5/26/2024
Israel largest cyber security college,handala,5/26/2024
Israel 99 Digital!,handala,5/26/2024
Israel Radars!,handala,5/26/2024
Kashin Distillery,handala,5/26/2024
High Group,handala,5/26/2024
Amigour Company,handala,5/26/2024
Harmony Pharm,handala,5/26/2024
Ramat Gan Academic College,handala,5/26/2024
National Publisher Services LLC,bianlian,5/26/2024
Payne & Jones,bianlian,5/26/2024
"Wind Composite Services Group, LLC",bianlian,5/26/2024
Assist Informatica,mallox,5/25/2024
multigroup.info,lockbit3,5/25/2024
pressurejet.com,lockbit3,5/25/2024
mgops.sedziszow-mlp.pl,lockbit3,5/25/2024
kharafiglobal.com,lockbit3,5/25/2024
sunpetro.com,lockbit3,5/25/2024
cafesnovell.com,lockbit3,5/25/2024
highwaystrust.com,lockbit3,5/25/2024
sysroad.com,lockbit3,5/25/2024
longviewoms.com,lockbit3,5/25/2024
Access Sports Medicine & Orthopaedics,incransom,5/25/2024
Crandall ISD (CISD.crandallisd.org),incransom,5/25/2024
Pediatric Urology Associates,dAn0n,5/25/2024
S&F Concrete Contractors,dAn0n,5/25/2024
$150.00 ,blacksuit,5/25/2024
bnsgroup.co.uk,lockbit3,5/24/2024
Ipsotek LTD,blacksuit,5/24/2024
Vannguard Utility Partners,akira,5/24/2024
workscapes.com,lockbit3,5/24/2024
EMPIRECOMFORT.COM,clop,5/24/2024
kns.com,lockbit3,5/24/2024
Audubon Nature Institute (auduboninstitute.org),incransom,5/24/2024
colfax.k12.wi.us - $150.000,blacksuit,5/24/2024
Sichuan Dowell Science and Technology Company Inc,blacksuit,5/24/2024
hiawathahomes,blacksuit,5/24/2024
valleylandtitleco.com,lockbit3,5/24/2024
umbrellaproperties.com PART2,dispossessor,5/23/2024
brightwayconsultants.co.uk,apt73,5/23/2024
Nutec Group,bianlian,5/23/2024
United Urology Group,ransomhouse,5/23/2024
Hands TheFamilyHelpNetwork.ca,incransom,5/23/2024
iseta.fr (institut des Sciences de l'Environnement et des Territoires d'Annecy),ransomhub,5/23/2024
ICC,rhysida,5/22/2024
Royal Star & Garter,ransomhouse,5/22/2024
Advance Press,ransomhouse,5/22/2024
Newman Ferrara,akira,5/22/2024
IZOMAT Praha,akira,5/22/2024
GRANVILLE FOOD CARE LIMITED,akira,5/22/2024
J & N Stone,ransomhouse,5/22/2024
Cressex Community School,ransomhouse,5/22/2024
Hedbergs,ransomhouse,5/22/2024
Richland City Hall,incransom,5/22/2024
Midwest Covenant Home,incransom,5/22/2024
First Nations Health Authority (fnha.local),incransom,5/22/2024
Golden Acre,qilin,5/22/2024
Ryder Scott Co.,play,5/22/2024
Tri-state General Contractors,play,5/22/2024
Starostwo Powiatowe w Świebodzinie,play,5/22/2024
Aspire Tax,play,5/22/2024
The Louis G Freeman,play,5/22/2024
Experis Technology Group,play,5/22/2024
Anchorage Daily News,play,5/22/2024
RDI-USA,play,5/22/2024
Ardenbrook,play,5/22/2024
Visa Lighting,play,5/22/2024
Semicore Equipment,play,5/22/2024
Levin Porter Associates,play,5/22/2024
Critchfield & Johnston,bianlian,5/22/2024
shamrocktradingcorp.com,embargo,5/21/2024
londondrugs.com,lockbit3,5/21/2024
schmittyandsons.com,lockbit3,5/21/2024
ThrottleUp ,ransomhub,5/21/2024
ramfoam.com,lockbit3,5/21/2024
ALO diamonds,8base,5/21/2024
Brittany Horne ,ransomhub,5/21/2024
William S. Hein & Co.,incransom,5/21/2024
Aztec Services Group,medusa,5/21/2024
International Modern Hospital,medusa,5/21/2024
Heras ,medusa,5/21/2024
Rul**********.de,cloak,5/21/2024
levian.com,blackbasta,5/21/2024
lactanet.ca,blackbasta,5/21/2024
mfgroup.it,blackbasta,5/21/2024
grupocadarso.com,blackbasta,5/21/2024
atlasoil.com,blackbasta,5/21/2024
trugreen.com,blackbasta,5/21/2024
Matadero de Gijón - Biogas energy plant - mataderodegijon.es,ransomhub,5/20/2024
American Clinical Solutions(acslabtest.com),ransomhub,5/20/2024
ORIUX: Experts in Mobility ,ransomhub,5/20/2024
Jess-link Products,hunters,5/20/2024
MAH Machine,bianlian,5/20/2024
Marigin,akira,5/20/2024
GE Aerospace,meow,5/20/2024
Crooker,8base,5/20/2024
Embellir,8base,5/20/2024
LEMKEN,8base,5/20/2024
Berge Bulk,ransomhouse,5/20/2024
California Highway Patrol (SVEL237.org),incransom,5/20/2024
qualityplumbingassociates.com,lockbit3,5/20/2024
Regional Obstetrical Consultants,incransom,5/20/2024
Delano Adult School (DJUHSD.ORG),incransom,5/20/2024
Specialty Market Managers,incransom,5/20/2024
Sterling Transportation Services (sts.local),incransom,5/20/2024
Continuing Healthcare Solutions (chs.local),incransom,5/20/2024
schuettemetals.com,cactus,5/20/2024
allied-mechanical-services-inc,incransom,5/20/2024
"Patriot Machine, Updated data leak.",donutleaks,5/19/2024
carcajou.fr,lockbit3,5/18/2024
equinoxinc.org,lockbit3,5/18/2024
unisi.it,lockbit3,5/18/2024
Widdop & Co.,rhysida,5/18/2024
Colégio Nova Dimensão,arcusmedia,5/18/2024
catiglass.com $100.000,blacksuit,5/18/2024
Bluebonnet Nutrition,bianlian,5/18/2024
Center for Digestive Health,bianlian,5/18/2024
drmsusa.com,incransom,5/18/2024
WEICON,medusa,5/18/2024
County Connection,medusa,5/18/2024
Elm Grove,medusa,5/18/2024
Comwave ,medusa,5/18/2024
Mesopolys,spacebears,5/18/2024
Pittsburgh’s Trusted Orthopaedic Surgeons,donutleaks,5/17/2024
Sullairargentina.com,redransomware,5/17/2024
www.belcherpharma.com,underground,5/17/2024
orga-soft.de,embargo,5/17/2024
Houston Waste Solutions ,ransomhub,5/17/2024
"Shyang Shin Bao Ind. Co., Ltd. (hereinafter referred to as ''SSB'')",qilin,5/17/2024
Vision Mechanical,blacksuit,5/17/2024
Gantan Beauty Industry,ransomhouse,5/17/2024
ABS-CBN Broadcasting,ransomhouse,5/17/2024
Isaacs Odinocki,ransomhouse,5/17/2024
aharvey.nf.ca,incransom,5/17/2024
PRIMARYSYS.COM,clop,5/17/2024
Formosa Plastics USA,hunters,5/17/2024
Dean Lumber & Supply,dragonforce,5/17/2024
WindCom,dragonforce,5/17/2024
For sale. Contact through admin. $100.000,blacksuit,5/17/2024
agranibank.org,killsec,5/17/2024
laxmicapital.com.np,killsec,5/17/2024
pricemodern.com,lockbit3,5/16/2024
OKUANT - okuant.com,ransomhub,5/16/2024
valleyjoist.com,lockbit3,5/16/2024
fulcrum.pro,cactus,5/16/2024
Insurance Agency Marketing Services,moneymessage,5/16/2024
Neovia,snatch,5/16/2024
Baeckerei-raddatz.de,cloak,5/16/2024
Colonial Surety Company ,medusa,5/16/2024
kauffmanschool.org,lockbit3,5/16/2024
ema-eda.com,lockbit3,5/16/2024
twpunionschools.org,lockbit3,5/16/2024
"Chuo System Service Co.,Ltd ",ransomhub,5/16/2024
East Shore Sound,ransomhub,5/16/2024
thermalsolutionsllc.com,threeam,5/16/2024
escriba.com.br,threeam,5/16/2024
RIO TECHNOLOGY,arcusmedia,5/16/2024
Egyptian Sudanese,arcusmedia,5/16/2024
Consulting Radiologists,qilin,5/15/2024
FIAB SpA,qilin,5/15/2024
project sold,monti,5/15/2024
Malone,dragonforce,5/15/2024
Hardings Transport,dragonforce,5/15/2024
Connelly Security Systems,dragonforce,5/15/2024
Motor Munich,dragonforce,5/15/2024
epsd.org,lockbit3,5/15/2024
district70.org,lockbit3,5/15/2024
keuka.edu,lockbit3,5/15/2024
allcare-med.com,lockbit3,5/15/2024
Coplosa,8base,5/15/2024
Surrey Place Healthcare & Rehabilitation,rhysida,5/15/2024
daubertchemical.com,lockbit3,5/15/2024
BRAZIL GOV,arcusmedia,5/15/2024
Braz Assessoria Contábil,arcusmedia,5/15/2024
Thibabem Atacadista,arcusmedia,5/15/2024
FILSCAP,arcusmedia,5/15/2024
Cusat,arcusmedia,5/15/2024
Frigrífico Boa Carne,arcusmedia,5/15/2024
GOLD RH S.A.S,arcusmedia,5/15/2024
Grupo SASMET,arcusmedia,5/15/2024
City of Neodesha,ransomhub,5/15/2024
gravetye-manor,incransom,5/15/2024
Wealth Depot LLC,everest,5/15/2024
morrisgroupint.com,lockbit3,5/14/2024
pierfoundry.com,blacksuit,5/14/2024
Fiskars Group,akira,5/14/2024
Bruno generators (Italian manufacturing),akira,5/14/2024
"GMJ & Co, Chartered Accountants",bianlian,5/14/2024
Rocky Mountain Sales ,ransomhub,5/14/2024
Talley Group,incransom,5/14/2024
acla.de,lockbit3,5/14/2024
Watt Carmichael,dragonforce,5/14/2024
500gb/www.confins.com.br/10kk/BR/Come to chat or we will attack you again.,ransomhub,5/14/2024
eucatex.com.br,ransomhub,5/14/2024
LPDB KUMKM LPDB.ID/LPDB.GO.ID,ransomhub,5/14/2024
Accurate Lock and Hardware,dragonforce,5/14/2024
Monocon International Refractory,dragonforce,5/14/2024
Persyn,dragonforce,5/14/2024
Aero Tec Laboratories,hunters,5/13/2024
Altipal,dragonforce,5/13/2024
Municipalité La Guadeloupe,qilin,5/13/2024
Eden Project Ltd,incransom,5/13/2024
Helapet Ltd,incransom,5/13/2024
oseranhahn.com,lockbit3,5/13/2024
jmjcorporation.com,lockbit3,5/13/2024
countyins.com,lockbit3,5/13/2024
utc-silverstone.co.uk,lockbit3,5/13/2024
hesperiausd.org,lockbit3,5/13/2024
Eden Project,incransom,5/13/2024
umbrellaproperties.com,dispossessor,5/13/2024
Treasury of Cote d'Ivoire,hunters,5/13/2024
scanda.com.mx,cactus,5/13/2024
acfin.cl,cactus,5/13/2024
New Boston Dental Care,8base,5/13/2024
Service public de Wallonie,8base,5/13/2024
Cushman Contracting Corporation,8base,5/13/2024
Costa Edutainment SpA,8base,5/13/2024
Sigmund Espeland AS,8base,5/13/2024
Brovedani Group,8base,5/13/2024
Fic Expertise,8base,5/13/2024
W.I.S. Sicherheit,8base,5/13/2024
Brick Court Chambers,medusa,5/13/2024
Seaman's Mechanical,incransom,5/13/2024
Deeside Timberframe,incransom,5/13/2024
McSweeney / Langevin,qilin,5/12/2024
NITEK International LLC,medusa,5/12/2024
"National Metalwares, L.P",medusa,5/12/2024
Romeo Pitaro Injury & Litigation Lawyers,bianlian,5/12/2024
NHS (press update),incransom,5/11/2024
Jackson County,blacksuit,5/11/2024
For sale. Contact through admin.,blacksuit,5/11/2024
21stcenturyvitamins.com,lockbit3,5/10/2024
Montgomery County Board of Developmental Disabilities Services,blacksuit,5/10/2024
LiveHelpNow,play,5/10/2024
NK Parts Industries,play,5/10/2024
Badger Tag & Label,play,5/10/2024
Haumiller Engineering,play,5/10/2024
Crescent Point Energy,ransomhouse,5/10/2024
Barid soft,stormous,5/10/2024
Pella,hunters,5/10/2024
Reading Electric,akira,5/10/2024
Kuhn Rechtsanwlte GmbH,monti,5/10/2024
colonialsd.org,lockbit3,5/10/2024
wisconsinindustrialcoatings.com,lockbit3,5/9/2024
amsoft.cl,lockbit3,5/9/2024
cultivarnet.com.br,lockbit3,5/9/2024
ecotruck.com.br,lockbit3,5/9/2024
iaconnecticut.com,lockbit3,5/9/2024
incegroup.com,lockbit3,5/9/2024
contest.omg,lockbit3,5/9/2024
Banco central argentina,zerotolerance,5/9/2024
Administração do Porto de São Francisco do Sul (APSFS),ransomhub,5/9/2024
lavalpoincon.com,lockbit3,5/9/2024
ccimp.com,lockbit3,5/9/2024
ufresources.com,lockbit3,5/9/2024
cloudminds.com,lockbit3,5/9/2024
calvia.com,lockbit3,5/9/2024
manusa.com,lockbit3,5/9/2024
habeco.com.vn,lockbit3,5/9/2024
rehub.ie,lockbit3,5/9/2024
torrepacheco.es,lockbit3,5/9/2024
ccofva.com,lockbit3,5/9/2024
dagma.com.ar,lockbit3,5/9/2024
Edlong,qilin,5/9/2024
dpkv.cz,lockbit3,5/9/2024
hetero.com,lockbit3,5/9/2024
vikrantsprings.com,lockbit3,5/9/2024
doublehorse.in,lockbit3,5/9/2024
iitm.ac.in,lockbit3,5/9/2024
cttxpress.com,lockbit3,5/9/2024
garage-cretot.fr,lockbit3,5/9/2024
hotel-ostella.com,lockbit3,5/9/2024
vm3fincas.es,lockbit3,5/9/2024
thaiagri.com,lockbit3,5/9/2024
tegaindustries.com,lockbit3,5/9/2024
kioti.com,lockbit3,5/9/2024
taylorcrane.com,lockbit3,5/9/2024
grc-c.co.il,lockbit3,5/9/2024
mogaisrael.com,lockbit3,5/9/2024
ultragasmexico.com,lockbit3,5/9/2024
eif.org.na,lockbit3,5/9/2024
auburnpikapp.org,lockbit3,5/9/2024
acla-werke.com,lockbit3,5/9/2024
college-stemarie-elven.org,lockbit3,5/9/2024
snk.sk,lockbit3,5/9/2024
mutualclubunion.com.ar,lockbit3,5/9/2024
rfca.com,lockbit3,5/9/2024
hpo.pe,lockbit3,5/9/2024
spu.ac.th,lockbit3,5/9/2024
livia.in,lockbit3,5/9/2024
cinealbeniz.com,lockbit3,5/9/2024
truehomesusa.com,lockbit3,5/9/2024
uniter.net,lockbit3,5/9/2024
itss.com.tr,lockbit3,5/9/2024
elements-ing.com,lockbit3,5/9/2024
heartlandhealthcenter.org,lockbit3,5/9/2024
dsglobaltech.com,lockbit3,5/9/2024
alian.mx,lockbit3,5/9/2024
evw.k12.mn.us,lockbit3,5/9/2024
mpeprevencion.com,lockbit3,5/9/2024
binder.de,lockbit3,5/9/2024
interfashion.it,lockbit3,5/9/2024
vstar.in,lockbit3,5/9/2024
brfibra.com,lockbit3,5/9/2024
museu-goeldi.br,lockbit3,5/9/2024
doxim.com,lockbit3,5/9/2024
essinc.com,lockbit3,5/9/2024
sislocar.com,lockbit3,5/9/2024
depenning.com,lockbit3,5/9/2024
asafoot.com,lockbit3,5/9/2024
frankmiller.com,blacksuit,5/9/2024
vitema.vi.gov,lockbit3,5/9/2024
snapethorpeprimary.co.uk,lockbit3,5/9/2024
agencavisystems.com,lockbit3,5/9/2024
salmonesaysen.cl,lockbit3,5/9/2024
kowessex.co.uk,lockbit3,5/9/2024
totto.com,lockbit3,5/9/2024
randi-group.com,lockbit3,5/9/2024
grupopm.com,lockbit3,5/9/2024
ondozabal.com,lockbit3,5/9/2024
orsiniimballaggi.com,lockbit3,5/9/2024
vinatiorganics.com,lockbit3,5/9/2024
peninsulacrane.com,lockbit3,5/9/2024
brockington.leics.sch.uk,lockbit3,5/9/2024
cargotrinidad.com,lockbit3,5/9/2024
Pinnacle Orthopaedics,incransom,5/9/2024
Protected: HIDE NAME,medusalocker,5/9/2024
Softura,incransom,5/9/2024
Zuber Gardner CPAs,everest,5/9/2024
Corr & Corr,everest,5/9/2024
rexmoore.com,embargo,5/8/2024
Northeast Orthopedics and Sports Medicine,dAn0n,5/8/2024
Glenwood Management,dAn0n,5/8/2024
College Park Industries,dAn0n,5/8/2024
Holstein Association USA,qilin,5/8/2024
Unimed Vales do Taquari e Rio Pardo,rhysida,5/8/2024
Electric Mirror Inc,incransom,5/8/2024
Richelieu Foods,hunters,5/8/2024
Trade-Mark Industrial,hunters,5/8/2024
Dragon Tax and Management INC,bianlian,5/8/2024
Mewborn & DeSelms,blacksuit,5/8/2024
"Merritt Properties, LLC",medusa,5/8/2024
"Autobell Car Wash, Inc",medusa,5/8/2024
fortify.pro,apt73,5/8/2024
Fribin,incransom,5/8/2024
consultingradiologists.com,lockbit3,5/8/2024
Electric Mirror,incransom,5/8/2024
Intuitae,qilin,5/7/2024
Tholen Building Technology Group,qilin,5/7/2024
williamsrdm.com,qilin,5/7/2024
inforius,qilin,5/7/2024
Kamo Jou Trading ,ransomhub,5/7/2024
wichita.gov,lockbit3,5/7/2024
City of Buckeye (buckeyeaz.gov),incransom,5/7/2024
Hibser Yamauchi Architects,hunters,5/7/2024
Noritsu America Corp.,hunters,5/7/2024
Autohaus Ebert,metaencryptor,5/7/2024
Elbers GmbH & Co. KG,metaencryptor,5/7/2024
"Jetson Specialty Marketing Services, Inc.",metaencryptor,5/7/2024
Vega Reederei GmbH & Co. KG,metaencryptor,5/7/2024
Max Wild GmbH,metaencryptor,5/7/2024
woldae.com,abyss,5/7/2024
Information Integration Experts,dAn0n,5/7/2024
One Toyota of Oakland ,medusa,5/7/2024
Chemring Group ,medusa,5/7/2024
lalengineering,ransomhub,5/7/2024
skanlog.com,lockbit3,5/7/2024
ctc-corp.net,lockbit3,5/7/2024
uslinen.com,lockbit3,5/7/2024
tu-ilmenau.de,lockbit3,5/7/2024
thede-culpepper.com,lockbit3,5/7/2024
kimmelcleaners.com,lockbit3,5/7/2024
emainc.net,lockbit3,5/7/2024
southernspecialtysupply.com,lockbit3,5/7/2024
lenmed.co.za,lockbit3,5/7/2024
churchill-linen.com,lockbit3,5/7/2024
rollingfields.com,lockbit3,5/7/2024
srg-plc.com,lockbit3,5/7/2024
gorrias-mercedes-benz.fr,lockbit3,5/7/2024
JFK Financial Inc.,incransom,5/7/2024
"SBC Global, Bitfinex, Coinmama, and Rutgers University Part 2 Leak",flocker,5/7/2024
Central Florida Equipment,play,5/7/2024
High Performance Services,play,5/7/2024
Mauritzon,play,5/7/2024
Somerville,play,5/7/2024
Donco Air,play,5/7/2024
Affordable Payroll & Bookkeeping Services,play,5/7/2024
Utica Mack,play,5/7/2024
KC Scout,play,5/7/2024
Sentry Data Management,play,5/7/2024
NELLESFRERES,incransom,5/7/2024
aletech.com.br,darkvault,5/7/2024
Young Consulting,blacksuit,5/7/2024
Thaayakam LTD ,ransomhub,5/6/2024
The Weinstein Firm,qilin,5/6/2024
Nikolaus & Hohenadel,bianlian,5/6/2024
NRS Healthcare ,ransomhub,5/6/2024
gammarenax.ch,lockbit3,5/6/2024
oraclinical.com,lockbit3,5/6/2024
acsistemas.com,lockbit3,5/6/2024
cpashin.com,lockbit3,5/6/2024
epr-groupe.fr,lockbit3,5/6/2024
isee.biz,lockbit3,5/6/2024
cdev.gc.ca,lockbit3,5/6/2024
netspectrum.ca,lockbit3,5/6/2024
qstartlabs.com,lockbit3,5/6/2024
syntax-architektur.at,lockbit3,5/6/2024
carespring.com,lockbit3,5/6/2024
grand-indonesia.com,lockbit3,5/6/2024
remagroup.com,lockbit3,5/6/2024
telekom.com,lockbit3,5/6/2024
aev-iledefrance.fr,lockbit3,5/6/2024
elarabygroup.com,lockbit3,5/6/2024
thebiglifegroup.com,lockbit3,5/6/2024
sonoco.com,lockbit3,5/6/2024
ville-bouchemaine.fr,lockbit3,5/6/2024
eskarabajo.mx,darkvault,5/6/2024
Rafael Viñoly Architects,blacksuit,5/6/2024
TRC Talent Solutions,blacksuit,5/6/2024
M2E Consulting Engineers,akira,5/6/2024
sunray.com,lockbit3,5/6/2024
eviivo.com,lockbit3,5/6/2024
kras.hr,lockbit3,5/6/2024
tdt.aero,lockbit3,5/6/2024
svenskakyrkan.se,lockbit3,5/6/2024
htcinc.com,lockbit3,5/6/2024
irc.be,lockbit3,5/6/2024
geotechenv.com,lockbit3,5/6/2024
ishoppes.com,lockbit3,5/6/2024
parat-techology.com,lockbit3,5/6/2024
getcloudapp.com,lockbit3,5/6/2024
yucatan.gob.mx,lockbit3,5/6/2024
arcus.pl,lockbit3,5/6/2024
Nestoil,blacksuit,5/6/2024
Patterson & Rothwell Ltd,medusa,5/6/2024
Boyden,medusa,5/6/2024
W.F. Whelan,medusa,5/6/2024
Coinmama,flocker,5/6/2024
"SBC Global, Bitfinex, Coinmama, and Rutgers University Part 2",flocker,5/6/2024
Seneca Nation Health System,incransom,5/5/2024
"SBC Global, Bitfinex, Coinmom, and Rutgers University Part 2",flocker,5/5/2024
COMPEXLEGAL.COM,clop,5/4/2024
ikfhomefinance.com,darkvault,5/4/2024
The Islamic Emirat of Afghanistan National Environmental Protection Agency ,ransomhub,5/4/2024
"Accounting Professionals LLC. Price, Breazeale & Chastang",everest,5/4/2024
cmactrans.com,blackbasta,5/4/2024
ids-michigan.com,blackbasta,5/4/2024
provencherroy.ca,blackbasta,5/4/2024
swisspro.ch,blackbasta,5/4/2024
olsonsteel.com,blackbasta,5/4/2024
teaspa.it,blackbasta,5/4/2024
ayesa.com,blackbasta,5/4/2024
synlab.com,blackbasta,5/4/2024
active-pcb.com,blackbasta,5/4/2024
gai-it.com,blackbasta,5/4/2024
Macildowie Associates,medusa,5/4/2024
cli*********.com,cloak,5/4/2024
bae************.de,cloak,5/4/2024
Mainline Health Systems (MHS.local),incransom,5/4/2024
Dr Charles A Evans,qilin,5/3/2024
Universidad Nacional Autónoma de México  ,ransomhub,5/3/2024
thelawrencegroup.com,blackbasta,5/3/2024
Bitfinex,flocker,5/3/2024
SBC Global,flocker,5/3/2024
Rutgers University,flocker,5/3/2024
Coinmoma,flocker,5/3/2024
kc.co.kr,underground,5/3/2024
sharik,stormous,5/3/2024
tdra,stormous,5/3/2024
fanr.gov.ae,stormous,5/3/2024
Bayanat,stormous,5/3/2024
kidx,stormous,5/3/2024
MCS,qilin,5/3/2024
Tohlen Building Technology Group,qilin,5/3/2024
Stainless Foundry & Engineering,play,5/3/2024
US-Saudi Arabian Business Council,incransom,5/3/2024
Ayoub & associates CPA Firm,everest,5/2/2024
www.servicepower.com,apt73,5/2/2024
www.credio.eu,apt73,5/2/2024
Lopez Hnos,rhysida,5/2/2024
GWF Frankenwein,raworld,5/2/2024
Reederei Jüngerhans,raworld,5/2/2024
Gr****en,raworld,5/2/2024
Me****ng,raworld,5/2/2024
Po****,raworld,5/2/2024
extraco.ae,ransomhub,5/2/2024
watergate,qilin,5/2/2024
Canatal Industries,play,5/2/2024
SHAMASS.ORG,medusalocker,5/2/2024
Lewis Brothers Bakeries,medusa,5/2/2024
S.A. Piazza & Associates,medusa,5/2/2024
MyoVision,medusa,5/2/2024
Woodfords Family Services,medusa,5/2/2024
Imedi L,akira,5/2/2024
"Calumet Civil Contractors, Inc.",8base,5/2/2024
It4 Solutions Robras Corp,incransom,5/1/2024
Trylon Srl,incransom,5/1/2024
Sobieski Services Inc,incransom,5/1/2024
Azteca Tax Systems,bianlian,5/1/2024
Clinica de Salud del Valle de Salinas,bianlian,5/1/2024
bulldogbag.com,underground,5/1/2024
frenckengroup.com,underground,5/1/2024
synology.com,underground,5/1/2024
tpa-group.sk,underground,5/1/2024
Triathlon.group,underground,5/1/2024
awwg.com,underground,5/1/2024
KyungChang,underground,5/1/2024
"Y. Hata & Co., Ltd.",underground,5/1/2024
Skender Construction,underground,5/1/2024
Creative Business Interiors,underground,5/1/2024
cochraneglobal.com,underground,5/1/2024
Studio Libeskind,akira,5/1/2024
UK government,snatch,5/1/2024
hookerfurniture.com,lockbit3,5/1/2024
alimmigration.com,lockbit3,5/1/2024
anatomage.com,lockbit3,5/1/2024
bluegrasstechnologies.net,lockbit3,5/1/2024
PINNACLEENGR.COM,clop,5/1/2024
MCKINLEYPACKAGING.COM,clop,5/1/2024
PILOTPEN.COM,clop,5/1/2024
colonial.edu,lockbit3,5/1/2024
cordish.com,lockbit3,5/1/2024
concorr.com,lockbit3,5/1/2024
yupousa.com,lockbit3,5/1/2024
peaseinc.com,lockbit3,5/1/2024
bdcm.com,blackbasta,5/1/2024
MORTON WILLIAMS,everest,5/1/2024
Advanced Business Networks,play,4/30/2024
Profile Products,play,4/30/2024
firstmac.com.au,embargo,4/30/2024
GCH Hotel Group,akira,4/30/2024
tudio Libeskind,akira,4/30/2024
C?????l I????????s,play,4/30/2024
sbsofbak.com,lockbit3,4/30/2024
ottlite.com,lockbit3,4/30/2024
ch-cannes.fr,lockbit3,4/29/2024
"Mellitah Oil & Gas / Enigas Ly (Eni Electricity, Oil & Gas)",ransomhub,4/29/2024
Drogaria Preco Bom,apos,4/29/2024
Sunlux Group,apos,4/29/2024
Algen Healthcare,apos,4/29/2024
Bitz Softwares,apos,4/29/2024
Lumina Americas,8base,4/29/2024
"The Line Up, Inc",8base,4/29/2024
Medizinische Grosshandlung GmbH,8base,4/29/2024
Thinkadam,spacebears,4/29/2024
B*****.hu,cloak,4/29/2024
CORTEX Chiropractic & Clinical Neuroscience,spacebears,4/29/2024
todoagro,spacebears,4/29/2024
Mr Bean,spacebears,4/29/2024
SM EMBALLAGE,spacebears,4/29/2024
Surewerx USA,spacebears,4/29/2024
Fifisystems,spacebears,4/29/2024
Fliesenstudio am Rhein,spacebears,4/29/2024
melting-mind.de,apt73,4/29/2024
hospitalescultural.com.br,qiulong,4/29/2024
Magicolor,hunters,4/28/2024
Herron Todd White,blacksuit,4/27/2024
Human Technology Inc.,incransom,4/27/2024
Anders Group,medusa,4/27/2024
Ce***.com,cloak,4/27/2024
polaris-SOLUCIONES TECNOLÓGICAS PARA EMPRESAS   -- polaris.es,ransomhub,4/27/2024
iddink.nl,cactus,4/27/2024
thelawrencegroup.com_privat,blackbasta,4/27/2024
Axip Energy Services,play,4/26/2024
sesenergy.org,lockbit3,4/26/2024
Original Herkimer Cheese,play,4/26/2024
Precision Fluid Controls,play,4/26/2024
Yale Mortgage,play,4/26/2024
Madata,play,4/26/2024
Legislative Bill Drafting Commission,play,4/26/2024
Toolmarts,play,4/26/2024
New Hudson Facades,play,4/26/2024
sandipuniversity.edu.in,darkvault,4/26/2024
SSS Australia,hunters,4/26/2024
Rocky Mountain Sales,hunters,4/26/2024
Erler & Kalinowski,dAn0n,4/26/2024
Hong Kong College of Technology,ransomhouse,4/26/2024
CDSHotels,rhysida,4/26/2024
Precision Time Systems ,ransomhub,4/26/2024
Jutebag ,ransomhub,4/26/2024
Protected: HIDE NAME SELL DATA SOON,medusalocker,4/26/2024
atriline.by,darkvault,4/25/2024
Pedsurology,dAn0n,4/25/2024
The Blake Law Firm,dAn0n,4/25/2024
United Equitable Group,dAn0n,4/25/2024
Allen Blasting and Coating,dAn0n,4/25/2024
Semilab,dAn0n,4/25/2024
O'Connell Mahon Architects,dAn0n,4/25/2024
RSH legal,dAn0n,4/25/2024
Les Miroirs St-Antoine Inc,everest,4/25/2024
Design Intoto ,ransomhub,4/25/2024
Beloinlaw,qilin,4/25/2024
bzrastreador.com.br,darkvault,4/25/2024
Peter Condakes,blacksuit,4/25/2024
hominemclinic.com.br,qiulong,4/25/2024
Central Power Systems and Services,hunters,4/24/2024
Mainwein,raworld,4/24/2024
STERCH - INTERNATIONAL s.r.o.,ransomhouse,4/24/2024
Army Welfare Trust,ransomhouse,4/24/2024
The Council of Fashion Designers of America,medusa,4/24/2024
Principle Cleaning Services,medusa,4/24/2024
EUROPEANPROF - Expertos en Seguridad y Altura - ,ransomhub,4/24/2024
true.co.uk,blackbasta,4/24/2024
CORIENT ,ransomhub,4/24/2024
[Published]Constelacion Savings and Credit Society,ransomhub,4/24/2024
https://goftac.com/    firsttx.com  First Texas Alliance Corp   (FTAC),alphalocker,4/24/2024
Hirsh Industries,ransomhouse,4/24/2024
www.drwilliansegalin.com.br,qiulong,4/24/2024
Octapharma Plasma,blacksuit,4/23/2024
Ministerio de Desarrollo Local,rhysida,4/23/2024
rangam.com,abyss,4/23/2024
defi SOLUTIONS.,bianlian,4/23/2024
ghimli.com,cactus,4/23/2024
Bank Pembangunan Daerah Banten Tbk PT,ransomhouse,4/23/2024
draandrearechia.com.br,qiulong,4/23/2024
www.trifecta.com,apt73,4/22/2024
jean-nouvel,qilin,4/22/2024
HARMAN - CYNC SOLUTIONS client,ransomhub,4/22/2024
saglobal.com,cactus,4/22/2024
concordegroup.ca,cactus,4/22/2024
ebir.com,cactus,4/22/2024
coastalcargogroup.com,cactus,4/22/2024
Texas Retina Associates,bianlian,4/22/2024
Wasserkraft Volk AG,8base,4/22/2024
Speedy France,8base,4/22/2024
The Tech Interactive,8base,4/22/2024
Bieler + Lang GmbH,8base,4/22/2024
FEB31st,8base,4/22/2024
United Carton Industries Company,ransomexx,4/22/2024
Ruwac Industrial Vacuums,ransomexx,4/22/2024
Diagnostica Stago,ransomexx,4/22/2024
Bombardier Recreational Products,ransomexx,4/22/2024
Consorci Sanitari Integral,ransomexx,4/22/2024
Badan Urusan Logistik,ransomexx,4/22/2024
Jacobs Farm / Del Cabo,ransomexx,4/22/2024
DVision Architecture,ransomexx,4/22/2024
Telecommunications Services of Trinidad and Tobago,ransomexx,4/22/2024
Ministry of Defense of Peru,ransomexx,4/22/2024
Asteco,ransomexx,4/22/2024
"D'amico & Pettinicchi, LLC",bianlian,4/22/2024
Optometric Physicians of Middle Tennessee,bianlian,4/22/2024
www.rosalvoautomoveis.com.br,qiulong,4/22/2024
www.drlincoln.com.br,qiulong,4/22/2024
charlesparsons (Attack again),raworld,4/22/2024
Ma****in,raworld,4/22/2024
La****up,raworld,4/22/2024
Ted Brown Music,medusa,4/21/2024
mulfordconstruction.com,embargo,4/21/2024
taylorlaw.net,lockbit3,4/21/2024
NORTHEAST OHIO NEIGHBORHOOD HEALTH SERVICES (NEON) ,medusa,4/20/2024
Continuing Healthcare Solutions,incransom,4/20/2024
Lutheran Social Services of Indiana,incransom,4/20/2024
kjf-augsburg.de,lockbit3,4/19/2024
eurosko.com,lockbit3,4/19/2024
CYNC SOLUTIONS - The unexpected target.,ransomhub,4/19/2024
Targus.com,redransomware,4/19/2024
The law firm Dr. Fingerle Rechtsanwälte,qilin,4/19/2024
call4health.com,lockbit3,4/19/2024
tascoplumbing.com,lockbit3,4/19/2024
fluenthome.com,blackbasta,4/19/2024
macphie.com,blackbasta,4/19/2024
cavotec.com,blackbasta,4/19/2024
hymer-alu.de,blackbasta,4/19/2024
azdel.com,blackbasta,4/19/2024
www.lawdcm.com,dispossessor,4/19/2024
www.horizonparts.com,dispossessor,4/19/2024
insidesource.com,dispossessor,4/19/2024
leezeragency.com,dispossessor,4/19/2024
welbro.com,dispossessor,4/19/2024
yaleappliance.com,dispossessor,4/19/2024
armstrongconsultants.com,dispossessor,4/19/2024
ibacos.com,dispossessor,4/19/2024
petersenjohnson.com,dispossessor,4/19/2024
www.c-v-e.com,dispossessor,4/19/2024
www.buymesco.com,dispossessor,4/19/2024
www.webberrestaurantgroup.com,dispossessor,4/19/2024
universalproperties.ca,dispossessor,4/19/2024
cftvyv.com,dispossessor,4/19/2024
www.fennpest.com,dispossessor,4/19/2024
arietishealth.com,dispossessor,4/19/2024
tjx.com,dispossessor,4/19/2024
pbinfo.com,dispossessor,4/19/2024
mesvision.com,dispossessor,4/19/2024
goalsolutions.com,dispossessor,4/19/2024
gnc.com,dispossessor,4/19/2024
gensler.com,dispossessor,4/19/2024
genesisenergy.com,dispossessor,4/19/2024
garrettmotion.com,dispossessor,4/19/2024
fanucamerica.com,dispossessor,4/19/2024
darlingconsulting.com,dispossessor,4/19/2024
chevronfcu.org,dispossessor,4/19/2024
cap.org,dispossessor,4/19/2024
joneslanglasalle.com,dispossessor,4/19/2024
tricoproducts.com,dispossessor,4/19/2024
enterprisebanking.com,dispossessor,4/19/2024
deltadental.com,dispossessor,4/19/2024
salelytics.com,dispossessor,4/19/2024
adaresec.com,dispossessor,4/19/2024
chuckecheese.com,dispossessor,4/19/2024
deloitte.com,dispossessor,4/19/2024
wsp.com,dispossessor,4/19/2024
planethomelending.com,dispossessor,4/19/2024
virginpulse.com,dispossessor,4/19/2024
vitalitygroup.com,dispossessor,4/19/2024
hallmarkchannel.com,dispossessor,4/19/2024
hillrom.com,dispossessor,4/19/2024
pro2col.com,dispossessor,4/19/2024
orau.org,dispossessor,4/19/2024
aclara.com,dispossessor,4/19/2024
quark.com,dispossessor,4/19/2024
convergeone.com,dispossessor,4/19/2024
amerisave.com,dispossessor,4/19/2024
kellyservices.com,dispossessor,4/19/2024
hubbell.com,dispossessor,4/19/2024
dma.us,dispossessor,4/19/2024
ventivtech.com,dispossessor,4/19/2024
bluefin.com,dispossessor,4/19/2024
esteelauder.com,dispossessor,4/19/2024
itt.com,dispossessor,4/19/2024
aa.com,dispossessor,4/19/2024
rci.com,dispossessor,4/19/2024
notablefrontier.com,dispossessor,4/19/2024
grace.com,dispossessor,4/19/2024
hess.com,dispossessor,4/19/2024
pinnacletpa.com,dispossessor,4/19/2024
gripa.org,dispossessor,4/19/2024
ufcu.org,dispossessor,4/19/2024
discovery.com,dispossessor,4/19/2024
motherson.com,dispossessor,4/19/2024
amctheatres.com,dispossessor,4/19/2024
marykay.com,dispossessor,4/19/2024
cytomx.com,dispossessor,4/19/2024
americannational.com,dispossessor,4/19/2024
bcdtravel.com,dispossessor,4/19/2024
jprmp.com,dispossessor,4/19/2024
fmfcu.org,dispossessor,4/19/2024
jackentertainment.com,dispossessor,4/19/2024
nasco.com,dispossessor,4/19/2024
radiusgs.com,dispossessor,4/19/2024
consolenergy.com,dispossessor,4/19/2024
sccu.com,dispossessor,4/19/2024
riteaid.com,dispossessor,4/19/2024
pioneerelectronics.com,dispossessor,4/19/2024
fiscdp.com,dispossessor,4/19/2024
kernagency.com,dispossessor,4/19/2024
uoflhealth.org,dispossessor,4/19/2024
wolterskluwer.com,dispossessor,4/19/2024
bankwithunited.com,dispossessor,4/19/2024
quorumfcu.org,dispossessor,4/19/2024
enstargroup.com,dispossessor,4/19/2024
cpiai.com,dispossessor,4/19/2024
fisglobal.com,dispossessor,4/19/2024
hornbeckoffshore.com,dispossessor,4/19/2024
unitedregional.org,dispossessor,4/19/2024
tdecu.org,dispossessor,4/19/2024
jackson.com,dispossessor,4/19/2024
starmountlife.com,dispossessor,4/19/2024
proskauer.com,dispossessor,4/19/2024
abbvie.com,dispossessor,4/19/2024
se.com,dispossessor,4/19/2024
emsshi.com,dispossessor,4/19/2024
datasite.com,dispossessor,4/19/2024
leggett.com,dispossessor,4/19/2024
careservicesllc.com,dispossessor,4/19/2024
gesa.com,dispossessor,4/19/2024
nuance.com,dispossessor,4/19/2024
bostonglobe.com,dispossessor,4/19/2024
icsystem.com,dispossessor,4/19/2024
aplusfcu.org,dispossessor,4/19/2024
eastwestbank.com,dispossessor,4/19/2024
powerfi.org,dispossessor,4/19/2024
brault.us,dispossessor,4/19/2024
cuanswers.com,dispossessor,4/19/2024
bankers-bank.com,dispossessor,4/19/2024
schnabel-eng.com,dispossessor,4/19/2024
shutterfly.com,dispossessor,4/19/2024
tgidirect.com,dispossessor,4/19/2024
honeywell.com,dispossessor,4/19/2024
agilysys.com,dispossessor,4/19/2024
ricohacumen.com,dispossessor,4/19/2024
emerson.com,dispossessor,4/19/2024
radissonhotelsamericas.com,dispossessor,4/19/2024
westat.com,dispossessor,4/19/2024
crowe.com,dispossessor,4/19/2024
autozone.com,dispossessor,4/19/2024
energytransfer.com,dispossessor,4/19/2024
netscout.com,dispossessor,4/19/2024
cadencebank.com,dispossessor,4/19/2024
trellisware.com,dispossessor,4/19/2024
putnam.com,dispossessor,4/19/2024
ironbow.com,dispossessor,4/19/2024
citynational.com,dispossessor,4/19/2024
andesaservices.com,dispossessor,4/19/2024
enzo.com,dispossessor,4/19/2024
delawarelife.com,dispossessor,4/19/2024
aon.com,dispossessor,4/19/2024
uhcsr.com,dispossessor,4/19/2024
paycor.com,dispossessor,4/19/2024
ancillae.org,dispossessor,4/19/2024
spauldingclinical.com,dispossessor,4/19/2024
charm.com,dispossessor,4/19/2024
elliott-turbo.com,dispossessor,4/19/2024
unitex.com,dispossessor,4/19/2024
dso.org,dispossessor,4/19/2024
mandnmanagement.com,dispossessor,4/19/2024
laalliance.org,dispossessor,4/19/2024
cna-aiic.ca,dispossessor,4/19/2024
usa-intech.com,dispossessor,4/19/2024
mdihospital.org,dispossessor,4/19/2024
modestogov.com,dispossessor,4/19/2024
liveaction.com,dispossessor,4/19/2024
www.empowerins.com,dispossessor,4/19/2024
www.tclchinesetheatres.com,dispossessor,4/19/2024
www.grandview.org,dispossessor,4/19/2024
www.mgrc.com,dispossessor,4/19/2024
www.physicianpartnersofamerica.com,dispossessor,4/19/2024
fullertonindia.com,dispossessor,4/19/2024
tgh.org,dispossessor,4/19/2024
lfdcs.org,dispossessor,4/19/2024
cefcostores.com,dispossessor,4/19/2024
www.stginternational.com,dispossessor,4/19/2024
hoosierco.com,dispossessor,4/19/2024
zurifurniture.com,dispossessor,4/19/2024
seamlessglobalsolutions.com,dispossessor,4/19/2024
aaanchorbolt.com,dispossessor,4/19/2024
sinopecthc.com,dispossessor,4/19/2024
crtl.com,dispossessor,4/19/2024
thaiho.com,dispossessor,4/19/2024
chahousing.org,dispossessor,4/19/2024
thecondorgroup.com,dispossessor,4/19/2024
gulfcoastwindows.com,dispossessor,4/19/2024
itis-technology.com,dispossessor,4/19/2024
colonialgeneral.com,dispossessor,4/19/2024
handrhealthcare.com,dispossessor,4/19/2024
amazing-global.com,dispossessor,4/19/2024
rkfoodland.com,dispossessor,4/19/2024
veolus.com,dispossessor,4/19/2024
rgvfirm.com,dispossessor,4/19/2024
miguelmechanical.com,dispossessor,4/19/2024
parkavedoors.com,dispossessor,4/19/2024
fabricatedpipe.com,dispossessor,4/19/2024
arcessex.org,dispossessor,4/19/2024
olsenlawgroup.com,dispossessor,4/19/2024
tucsoneyecare.com,dispossessor,4/19/2024
myerspower.com,dispossessor,4/19/2024
coreautomation.com,dispossessor,4/19/2024
ziapueblo.org,dispossessor,4/19/2024
royallepage.ca,dispossessor,4/19/2024
diavaz.com,dispossessor,4/19/2024
servicesfinanciersjdf.com,dispossessor,4/19/2024
elliotthomes.com,dispossessor,4/19/2024
lsa-international.com,dispossessor,4/19/2024
plasmasurgical.com,dispossessor,4/19/2024
newbridge.org,dispossessor,4/19/2024
nlsmichigan.org,dispossessor,4/19/2024
audio-technica.com,dispossessor,4/19/2024
kisp.com,dispossessor,4/19/2024
heidelbergbread.com,dispossessor,4/19/2024
favoritefoods.com,dispossessor,4/19/2024
inphenix.com,dispossessor,4/19/2024
brandywine-homes.com,dispossessor,4/19/2024
meinet.com,dispossessor,4/19/2024
greggardnergm.com,dispossessor,4/19/2024
wyckoffcomfort.com,dispossessor,4/19/2024
schradercamargo.com,dispossessor,4/19/2024
plasticproductsco.com,dispossessor,4/19/2024
waldogeneral.com,dispossessor,4/19/2024
cityofallenpark.org,dispossessor,4/19/2024
bakermech.com,dispossessor,4/19/2024
mangalagroup.com,dispossessor,4/19/2024
wcso.us,dispossessor,4/19/2024
alliedtools.com,dispossessor,4/19/2024
hacla.org,dispossessor,4/19/2024
wcinet.com,dispossessor,4/19/2024
revvaviation.com,dispossessor,4/19/2024
prlabs.com,dispossessor,4/19/2024
dana-group.com,dispossessor,4/19/2024
biosonicsinc.com,dispossessor,4/19/2024
servex-us.com,dispossessor,4/19/2024
crystalcreamery.com,dispossessor,4/19/2024
vanderkaay.com,dispossessor,4/19/2024
sandycove.org,dispossessor,4/19/2024
psenergy.com,dispossessor,4/19/2024
pinelandschool.org,dispossessor,4/19/2024
islandinsurance.ca,dispossessor,4/19/2024
sbhc.us,dispossessor,4/19/2024
garrottbros.com,dispossessor,4/19/2024
esinsa.com,dispossessor,4/19/2024
layherna.com,dispossessor,4/19/2024
namibmills.com,dispossessor,4/19/2024
gocontec.com,dispossessor,4/19/2024
viseg.com,dispossessor,4/19/2024
norcorp.com,dispossessor,4/19/2024
enovationcontrols.com,dispossessor,4/19/2024
shoreregional.org,dispossessor,4/19/2024
csagh.org,dispossessor,4/19/2024
ebdlab.com,dispossessor,4/19/2024
nosm.ca,dispossessor,4/19/2024
fredfeet.com,dispossessor,4/19/2024
ourrelentlesschurch.com,dispossessor,4/19/2024
birdair.com,dispossessor,4/19/2024
pittsburg.k12.ca.us,dispossessor,4/19/2024
realcomp.com,dispossessor,4/19/2024
billhurst.com,dispossessor,4/19/2024
newhorizonsmedical.org,dispossessor,4/19/2024
mundocuervo.com,dispossessor,4/19/2024
surfsidefoods.com,dispossessor,4/19/2024
aquidneckclub.com,dispossessor,4/19/2024
bbrook.org,dispossessor,4/19/2024
tedpella.com,dispossessor,4/19/2024
oneexchangecorp.com,dispossessor,4/19/2024
betalandservices.com,dispossessor,4/19/2024
greatlakesmbpm.com,dispossessor,4/19/2024
co.langlade.wi.us,dispossessor,4/19/2024
haynesintl.com,dispossessor,4/19/2024
pointpleasant.k12.nj.us,dispossessor,4/19/2024
tetco.com,dispossessor,4/19/2024
armortex.com,dispossessor,4/19/2024
iqcontrols.com,dispossessor,4/19/2024
scottevest.com,dispossessor,4/19/2024
independenceia.org,dispossessor,4/19/2024
etisaleg.com,dispossessor,4/19/2024
el-cerrito.org,dispossessor,4/19/2024
asfcustomers.com,dispossessor,4/19/2024
meaf.com,dispossessor,4/19/2024
distribuidoradavidsa.com,dispossessor,4/19/2024
younghomes.com,dispossessor,4/19/2024
cloverbrook.com,dispossessor,4/19/2024
carolfoxassociates.com,dispossessor,4/19/2024
mergerecords.com,dispossessor,4/19/2024
greenside-sch.org,dispossessor,4/19/2024
wkclawfirm.com,dispossessor,4/19/2024
sherwin-electric.com,dispossessor,4/19/2024
uprepschool.org,dispossessor,4/19/2024
lhvisionclinic.com,dispossessor,4/19/2024
csem.qc.ca,dispossessor,4/19/2024
godbeylaw.com,dispossessor,4/19/2024
millwgs.com,dispossessor,4/19/2024
gosslaw.com,dispossessor,4/19/2024
sd69.org,dispossessor,4/19/2024
co.grant.mn.us,dispossessor,4/19/2024
faithfamilyacademy.org,dispossessor,4/19/2024
commercialfluidpower.com,dispossessor,4/19/2024
mipe.com,dispossessor,4/19/2024
ohiohistory.org,dispossessor,4/19/2024
trois-i.com,dispossessor,4/19/2024
aluminumsandcastingsfoundry.com,dispossessor,4/19/2024
arcc.org,dispossessor,4/19/2024
tayloredservices.com,dispossessor,4/19/2024
fcps1.org,dispossessor,4/19/2024
cote-expert-equipements.com,dispossessor,4/19/2024
eemotors.com,dispossessor,4/19/2024
cfsigroup.ca,dispossessor,4/19/2024
smart-union.org,dispossessor,4/19/2024
thecsi.com,dispossessor,4/19/2024
hgmonline.com,dispossessor,4/19/2024
nirolaw.com,dispossessor,4/19/2024
chs.ca,dispossessor,4/19/2024
psmicorp.com,dispossessor,4/19/2024
abhmfg.com,dispossessor,4/19/2024
nckb.com,dispossessor,4/19/2024
studio483.com,dispossessor,4/19/2024
wjtowell.com,dispossessor,4/19/2024
aten.com,dispossessor,4/19/2024
quifatex.com,dispossessor,4/19/2024
goodhopeholdings.com,dispossessor,4/19/2024
phihydraulics.com,dispossessor,4/19/2024
onyourmark.org,dispossessor,4/19/2024
aldoshoes.com,dispossessor,4/19/2024
midlandindustries.com,dispossessor,4/19/2024
citizenswv.com,dispossessor,4/19/2024
phillipsglobal.us,dispossessor,4/19/2024
greenbriersportingclub.com,dispossessor,4/19/2024
ccadm.org,dispossessor,4/19/2024
bboed.org,dispossessor,4/19/2024
dobsystems.com,dispossessor,4/19/2024
ontariopork.on.ca,dispossessor,4/19/2024
hendelsinc.com,dispossessor,4/19/2024
co.pickens.sc.us,dispossessor,4/19/2024
ajcfood.com,dispossessor,4/19/2024
buckprop.com,dispossessor,4/19/2024
brownintegratedlogistics.com,dispossessor,4/19/2024
ducont.com,dispossessor,4/19/2024
mechema.com,dispossessor,4/19/2024
unidad-de-oftalmologia-y-catarata.negocio.site,dispossessor,4/19/2024
signatureperformance.com,dispossessor,4/19/2024
lipsg.com,dispossessor,4/19/2024
umaps.hn,dispossessor,4/19/2024
myhomecarellc.com,dispossessor,4/19/2024
navalaviationmuseum.org,dispossessor,4/19/2024
nationalflightacademy.com,dispossessor,4/19/2024
Hey everyone! Some private keys here.,hellogookie,4/19/2024
Hey cisco!,hellogookie,4/19/2024
CD Projekt!,hellogookie,4/19/2024
sierraconstruction.ca,lockbit3,4/19/2024
Alltruck Bodies,play,4/19/2024
SIS Automatisering,play,4/19/2024
Pennsylvania Convention Center,play,4/19/2024
Engineered Automation of Maine,play,4/19/2024
JE Owens,play,4/19/2024
P??????? & ????,play,4/19/2024
Mid-South Health Systems,hunters,4/18/2024
etateam.be,qilin,4/18/2024
dc.gov,lockbit3,4/18/2024
JE Owens & Company PA.,bianlian,4/18/2024
Western Saw Inc.,bianlian,4/18/2024
Myers Automotive Group,akira,4/18/2024
xdconnects.com,cactus,4/18/2024
sagaciousresearch.com,lockbit3,4/18/2024
ablinc.com,lockbit3,4/18/2024
ht-hospitaltechnik.de,blackout,4/18/2024
Mercatino S.r.l.  https://www.mercatinousato.com/,ransomhub,4/18/2024
Precision Pulley & Idler,blacksuit,4/18/2024
https://geodis.com,alphalocker,4/18/2024
FábricaInfo ,ransomhub,4/18/2024
doyon.com | doyondrilling.com,blackbasta,4/17/2024
Mercatino  https://www.mercatinousato.com/,ransomhub,4/17/2024
Delano Joint Union High School District,incransom,4/17/2024
"Serfilco, RP Adams, Baron Blakeslee, Pacer, Service Filtration of Canada, Polymar.",akira,4/17/2024
tristatetruckandequip.com,lockbit3,4/17/2024
craigwire.com,lockbit3,4/17/2024
Lee University ,medusa,4/17/2024
TrueNet Communications Corp,ciphbit,4/17/2024
drmarbys.com,cactus,4/17/2024
rehab.ie,lockbit3,4/17/2024
D&V Electronics,blacksuit,4/17/2024
Len Dubois Trucking,bianlian,4/17/2024
"Pioneer Oil Company, Inc.",bianlian,4/17/2024
Empresa de energía del Bajo Putumayo ,ransomhub,4/16/2024
Lopesan Hotels,ransomhouse,4/16/2024
Change HealthCare - OPTUM Group - United HealthCare Group - FOR SALE,ransomhub,4/16/2024
UPC Technology Corporation,blacksuit,4/16/2024
Wright Brothers Construction,akira,4/16/2024
Medequip Assistive Technology,akira,4/16/2024
hbmolding.com,lockbit3,4/16/2024
Lotz Trucking,akira,4/16/2024
Studio LAMBDA,akira,4/16/2024
"City of St. Cloud, Florida",hunters,4/16/2024
Grupo Cuevas,ransomhub,4/16/2024
The Royal Family of Great Britain,snatch,4/16/2024
Thermodyn Corporation,medusa,4/16/2024
[UPDATE] Robeson County Sheriff's Office ,ransomhub,4/16/2024
St. Cloud Florida,hunters,4/16/2024
UnivationTechnologies,raworld,4/16/2024
Autoglass,raworld,4/16/2024
charlesparsons,raworld,4/16/2024
Po****sa,raworld,4/16/2024
Cembell Industries,qilin,4/16/2024
Heritage Cooperative,play,4/15/2024
Druckman Law Group,incransom,4/15/2024
Pulaski academy,incransom,4/15/2024
Chicony Electronics,hunters,4/15/2024
Fullington Trailways,dragonforce,4/15/2024
bigtoe.yoga,darkvault,4/15/2024
regulatormarine.com,cactus,4/15/2024
jeyesfluid.co.uk,lockbit3,4/15/2024
Deacon Jones,dragonforce,4/15/2024
Biggs Cardosa Associates,blacksuit,4/15/2024
The Post and Courier,blacksuit,4/15/2024
Best Reward Federal Credit Union,akira,4/15/2024
LYON TERMINAL,8base,4/15/2024
"R.B. Woodcraft, Inc.",8base,4/15/2024
GPI Corporate,8base,4/15/2024
SOA Architecture,8base,4/15/2024
ASMFC: Atlantic States Marine Fisheries Commission,8base,4/15/2024
The Souza Agency Inc.,8base,4/15/2024
LEMODOR,8base,4/15/2024
Council for Relationships,8base,4/15/2024
compagniedephalsbourg.com,threeam,4/15/2024
ndpaper.com,lockbit3,4/15/2024
qint.com.br,darkvault,4/15/2024
Sev********.com,cloak,4/14/2024
Jack Doheny Company,hunters,4/14/2024
Traverse City Area Public Schools ,medusa,4/14/2024
Omni Hotels & Resorts  (US),daixin,4/14/2024
countryvillahealth.com,lockbit3,4/13/2024
disb.dc.gov,lockbit3,4/13/2024
Williams County Abstract Company ,medusa,4/13/2024
Solano County Library ,medusa,4/13/2024
Alliance Mercantile,medusa,4/13/2024
Novus International,medusa,4/13/2024
Toyota Brazil,hunters,4/13/2024
Kablutronik SRL,hunters,4/13/2024
Caxton and CTP Publishers and Printers,hunters,4/13/2024
NanoLumens,hunters,4/13/2024
Integrated Control,hunters,4/13/2024
Frederick Wildman and Sons,hunters,4/13/2024
oraclecms.com,lockbit3,4/12/2024
thsp.co.uk,darkvault,4/12/2024
tommyclub.co.uk,darkvault,4/12/2024
Notions Marketing,hunters,4/12/2024
Jordano's Inc.,hunters,4/12/2024
Bojangles’ International,hunters,4/12/2024
Snchez-Betances Sifre & Muñoz-Noya,akira,4/12/2024
Feldstein & Stewart,play,4/12/2024
Agate Construction,play,4/12/2024
H??????? C??????????,play,4/12/2024
Robeson County Sheriff's Office ,ransomhub,4/12/2024
MCP GROUP Commercial Contractor Topeka,blacksuit,4/12/2024
Hernando County,rhysida,4/12/2024
baheyabeauty.com,darkvault,4/12/2024
baheya.com,darkvault,4/12/2024
Oki Golf,rhysida,4/12/2024
Gimex,raworld,4/12/2024
Victor Fauconnier,raworld,4/12/2024
Un****es,raworld,4/12/2024
Al****ch,raworld,4/12/2024
Se****bH,raworld,4/12/2024
MoldTech,play,4/11/2024
Theatrixx Technologies,play,4/11/2024
Access Intelligence,play,4/11/2024
New England Wooden Ware,play,4/11/2024
LS Networks,play,4/11/2024
The MBTW Group,play,4/11/2024
Wencor.com,cloak,4/11/2024
Theharriscenter.org,cloak,4/11/2024
Community Alliance,incransom,4/11/2024
"Henningson & Snoxell, Ltd.",incransom,4/11/2024
Optima Manufacturing,hunters,4/11/2024
hawkremote2.com,darkvault,4/11/2024
hawkremote.com,darkvault,4/11/2024
hirebus.com,darkvault,4/11/2024
ezeldsolutions.com,darkvault,4/11/2024
zanebenefits.com,darkvault,4/11/2024
taskhound.com,darkvault,4/11/2024
lankacom.net,darkvault,4/11/2024
adachikan.com,darkvault,4/11/2024
agribazaar.com,darkvault,4/11/2024
wexer.com,darkvault,4/11/2024
Missouri Electric Cooperatives,akira,4/11/2024
F???s???? & ??????t,play,4/10/2024
Inszone Insurance Services,hunters,4/10/2024
Nexperia,dunghill,4/10/2024
Samart,akira,4/10/2024
Robertson Cheatham Farmers,hunters,4/10/2024
specialoilfield.com,lockbit3,4/10/2024
Consilux (Brazil),akira,4/9/2024
processsolutions.com,blackbasta,4/9/2024
numotion.com,blackbasta,4/9/2024
siemensmfg.com,blackbasta,4/9/2024
Parklane Group,blackbasta,4/9/2024
sermo.com,blackbasta,4/9/2024
schlesingerlaw.com,blackbasta,4/9/2024
robar.com,blackbasta,4/9/2024
atlascontainer.com,blackbasta,4/9/2024
patersoncooke.com,blackbasta,4/9/2024
arch-con.com,blackbasta,4/9/2024
New Production Concept,dragonforce,4/9/2024
Precision Pulley &amp;amp;amp;amp; Idler,blacksuit,4/9/2024
columbiapipe.com,blackbasta,4/9/2024
T A Khoury,hunters,4/9/2024
Kadushisoft,dragonforce,4/9/2024
Saint Cecilia's Church of England School,dragonforce,4/9/2024
Swansea & South Wales,dragonforce,4/9/2024
MajuHome Concept,dragonforce,4/9/2024
Team Locum,dragonforce,4/9/2024
Rigcon,dragonforce,4/9/2024
Vstblekinge Miljo,dragonforce,4/9/2024
JM Heaford,blacksuit,4/9/2024
Eagle Hydraulic Components,blacksuit,4/9/2024
MULTI-FILL,blacksuit,4/9/2024
Central Carolina Insurance Agency Inc.,bianlian,4/9/2024
Panacea Healthcare Services,bianlian,4/9/2024
"Baca County Feedyard, Inc",ransomhub,4/9/2024
Brewer & Company of WV,blacksuit,4/9/2024
Olea Kiosks,blacksuit,4/9/2024
Hudson Supplies,blacksuit,4/9/2024
Homeocan,blacksuit,4/9/2024
Macuz,ciphbit,4/9/2024
speditionlangen.de,mallox,4/9/2024
maccarinelli.it,qilin,4/9/2024
Skyway Coach Lines and Shuttle Services   --   skywaycoach.ca,ransomhub,4/8/2024
John R. Wood Properties ,medusa,4/8/2024
Paulmann Licht,hunters,4/8/2024
PGF Technology Group,akira,4/8/2024
REV Drill Sales & Rentals,akira,4/8/2024
PHARMACY ETTORE FLORIO SNC - Online Pharmacy Italy ,ransomhub,4/8/2024
Paducah Dermatology,medusa,4/8/2024
"Domestic Violence Project, Inc",medusa,4/8/2024
Rairdon Automotive Group ,medusa,4/8/2024
Integration International ,medusa,4/8/2024
Tarrant Appraisal District ,medusa,4/8/2024
Speditionweise.de,cloak,4/8/2024
Mu*****.eu,cloak,4/8/2024
Cv*****.com,cloak,4/8/2024
"Mahoney Foundry, Inc.",8base,4/8/2024
"DUNN, PITTMAN, SKINNER and CUSHMAN, PLLC",8base,4/8/2024
Inno-soft Info Systems Pte Ltd,8base,4/8/2024
"Z Development Services, LLC",8base,4/8/2024
Change HealthCare - OPTUM Group - United HealthCare Group,ransomhub,4/8/2024
PalauGov,dragonforce,4/7/2024
Ellsworth Cooperative Creamery,blacksuit,4/7/2024
SERVICES INFORMATIQUES POUR PROFESSIONNELS(SIP),blacksuit,4/7/2024
Malaysian Industrial Development Finance,rhysida,4/7/2024
easchangesystems,qilin,4/7/2024
Carrozzeria Aretusa srl ,ransomhub,4/6/2024
"HCI Systems, Inc. ",ransomhub,4/6/2024
Madero,qilin,4/6/2024
Chambers Construction,bianlian,4/6/2024
"On Q Financial, LLC",bianlian,4/6/2024
Better Accounting Solutions ,ransomhub,4/6/2024
TermoPlastic S.R.L,ciphbit,4/6/2024
truehomes.com,lockbit3,4/5/2024
Good Morning,donutleaks,4/5/2024
casio india,stormous,4/5/2024
emalon.co.il,malekteam,4/5/2024
Aussizz Group,dragonforce,4/5/2024
Doctorim,malekteam,4/5/2024
Agencia Host ,ransomhub,4/5/2024
Commerce Dental Group,ciphbit,4/5/2024
Sit,play,4/4/2024
Guy's Floor Service,play,4/4/2024
Everbrite,play,4/4/2024
Orientrose Contracts ,medusa,4/4/2024
Sutton Dental Arts,medusa,4/4/2024
Inspection Services,akira,4/4/2024
Radiant Canada,akira,4/4/2024
Constelacion Savings and Credit Society,ransomhub,4/4/2024
Remitano - Cryptocurrency Exchange,incransom,4/4/2024
mcalvain.com,cactus,4/4/2024
Precision Pulley &amp;amp;amp; Idler,blacksuit,4/3/2024
Gi****ex,raworld,4/3/2024
Wacks Law Group,qilin,4/3/2024
BeneCare Dental Insurance,hunters,4/3/2024
Interface,hunters,4/3/2024
DataBank,hunters,4/3/2024
Beaver Run Resort,hunters,4/3/2024
Benetton Group,hunters,4/3/2024
Citi Trends,hunters,4/3/2024
Intersport,hunters,4/3/2024
West Idaho Orthopedics,incransom,4/3/2024
Norman Urology Associates,incransom,4/3/2024
Phillip Townsend Associates,blacksuit,4/3/2024
San Pasqual Band of Mission Indians,medusa,4/3/2024
East Baton Rouge Sheriff's Office,medusa,4/3/2024
Leicester City Council,incransom,4/3/2024
Ringhoffer Verzahnungstechnik GmbH and Co. KG,8base,4/3/2024
Samhwa Paint Ind. Ltd,8base,4/3/2024
Tamura Corporation,8base,4/3/2024
Apex Business Advisory,8base,4/3/2024
Pim,8base,4/3/2024
Innomotive Systems Hainichen GmbH,raworld,4/3/2024
Seven Seas Technology,rhysida,4/3/2024
casajove.com,lockbit3,4/3/2024
delhipolice.gov.in,killsec,4/3/2024
regencyfurniture.com,cactus,4/2/2024
KICO GROUP,raworld,4/2/2024
GRUPOCREATIVO HERRERA,qilin,4/2/2024
Fincasrevuelta Data Leak,everest,4/2/2024
Precision Pulley &amp;amp; Idler,blacksuit,4/2/2024
W.P.J. McCarthy and Company,qilin,4/2/2024
Crimsgroup Data Leak,everest,4/2/2024
Gaia Herbs,blacksuit,4/2/2024
Sterling Plumbing Inc,raworld,4/2/2024
C&C Casa e Construção Ltda,raworld,4/2/2024
TUBEX Aluminium Tubes,raworld,4/2/2024
Wyoming Machinery,play,4/2/2024
Roberson & Sons Insurance Services,qilin,4/1/2024
Partridge Venture Engineering,blacksuit,4/1/2024
anwaltskanzlei-kaufbeuren.de,lockbit3,4/1/2024
pdq-airspares.co.uk,blackbasta,4/1/2024
aerodynamicinc.com,cactus,4/1/2024
besttrans.com,cactus,4/1/2024
"Xenwerx Initiatives, LLC",incransom,4/1/2024
Blueline Associates,incransom,4/1/2024
Sisu Healthcare,incransom,4/1/2024
